"filename", "language", "HTML", "PHP", "JavaScript", "CSS", "Markdown", "JSON", "XML", "YAML", "comment", "blank", "total"
"c:\laragon\www\icei\.styleci.yml", "YAML", 0, 0, 0, 0, 0, 0, 0, 13, 0, 1, 14
"c:\laragon\www\icei\README.md", "Markdown", 0, 0, 0, 0, 42, 0, 0, 0, 0, 21, 63
"c:\laragon\www\icei\app\Actions\Fortify\CreateNewUser.php", "PHP", 0, 25, 0, 0, 0, 0, 0, 0, 6, 6, 37
"c:\laragon\www\icei\app\Actions\Fortify\PasswordValidationRules.php", "PHP", 0, 10, 0, 0, 0, 0, 0, 0, 5, 4, 19
"c:\laragon\www\icei\app\Actions\Fortify\ResetUserPassword.php", "PHP", 0, 18, 0, 0, 0, 0, 0, 0, 7, 6, 31
"c:\laragon\www\icei\app\Actions\Fortify\UpdateUserPassword.php", "PHP", 0, 23, 0, 0, 0, 0, 0, 0, 7, 6, 36
"c:\laragon\www\icei\app\Actions\Fortify\UpdateUserProfileInformation.php", "PHP", 0, 38, 0, 0, 0, 0, 0, 0, 14, 8, 60
"c:\laragon\www\icei\app\Actions\Jetstream\DeleteUser.php", "PHP", 0, 12, 0, 0, 0, 0, 0, 0, 6, 4, 22
"c:\laragon\www\icei\app\Console\Kernel.php", "PHP", 0, 17, 0, 0, 0, 0, 0, 0, 18, 7, 42
"c:\laragon\www\icei\app\Exceptions\Handler.php", "PHP", 0, 18, 0, 0, 0, 0, 0, 0, 17, 6, 41
"c:\laragon\www\icei\app\Http\Controllers\AnterioresEstudiantesController.php", "PHP", 0, 11, 0, 0, 0, 0, 0, 0, 0, 5, 16
"c:\laragon\www\icei\app\Http\Controllers\CalendarioPlanificacionController.php", "PHP", 0, 24, 0, 0, 0, 0, 0, 0, 0, 6, 30
"c:\laragon\www\icei\app\Http\Controllers\CarreraController.php", "PHP", 0, 101, 0, 0, 0, 0, 0, 0, 30, 22, 153
"c:\laragon\www\icei\app\Http\Controllers\CertificadoController.php", "PHP", 0, 97, 0, 0, 0, 0, 0, 0, 8, 14, 119
"c:\laragon\www\icei\app\Http\Controllers\CertificadoFinalController.php", "PHP", 0, 310, 0, 0, 0, 0, 0, 0, 0, 42, 352
"c:\laragon\www\icei\app\Http\Controllers\CertificadoTalleresController.php", "PHP", 0, 68, 0, 0, 0, 0, 0, 0, 0, 11, 79
"c:\laragon\www\icei\app\Http\Controllers\Controller.php", "PHP", 0, 10, 0, 0, 0, 0, 0, 0, 0, 4, 14
"c:\laragon\www\icei\app\Http\Controllers\DashboardController.php", "PHP", 0, 87, 0, 0, 0, 0, 0, 0, 0, 12, 99
"c:\laragon\www\icei\app\Http\Controllers\EstudianteController.php", "PHP", 0, 85, 0, 0, 0, 0, 0, 0, 3, 7, 95
"c:\laragon\www\icei\app\Http\Controllers\EstudianteLoginApiController.php", "PHP", 0, 67, 0, 0, 0, 0, 0, 0, 0, 12, 79
"c:\laragon\www\icei\app\Http\Controllers\InicioController.php", "PHP", 0, 19, 0, 0, 0, 0, 0, 0, 0, 7, 26
"c:\laragon\www\icei\app\Http\Controllers\InscripcionController.php", "PHP", 0, 410, 0, 0, 0, 0, 0, 0, 4, 38, 452
"c:\laragon\www\icei\app\Http\Controllers\InscripcionTalleresController.php", "PHP", 0, 195, 0, 0, 0, 0, 0, 0, 24, 33, 252
"c:\laragon\www\icei\app\Http\Controllers\KardexEstudianteController.php", "PHP", 0, 29, 0, 0, 0, 0, 0, 0, 0, 7, 36
"c:\laragon\www\icei\app\Http\Controllers\ModuloController.php", "PHP", 0, 85, 0, 0, 0, 0, 0, 0, 24, 17, 126
"c:\laragon\www\icei\app\Http\Controllers\NotasController.php", "PHP", 0, 60, 0, 0, 0, 0, 0, 0, 0, 6, 66
"c:\laragon\www\icei\app\Http\Controllers\PagosController.php", "PHP", 0, 22, 0, 0, 0, 0, 0, 0, 0, 7, 29
"c:\laragon\www\icei\app\Http\Controllers\PerfilDocenteController.php", "PHP", 0, 61, 0, 0, 0, 0, 0, 0, 19, 11, 91
"c:\laragon\www\icei\app\Http\Controllers\PlanificacionCarreraController.php", "PHP", 0, 73, 0, 0, 0, 0, 0, 0, 31, 13, 117
"c:\laragon\www\icei\app\Http\Controllers\PlanificacionModuloController.php", "PHP", 0, 55, 0, 0, 0, 0, 0, 0, 21, 10, 86
"c:\laragon\www\icei\app\Http\Controllers\PlanificacionTallerController.php", "PHP", 0, 94, 0, 0, 0, 0, 0, 0, 30, 12, 136
"c:\laragon\www\icei\app\Http\Controllers\RegistroEconomicoController.php", "PHP", 0, 13, 0, 0, 0, 0, 0, 0, 0, 4, 17
"c:\laragon\www\icei\app\Http\Controllers\RoleController.php", "PHP", 0, 50, 0, 0, 0, 0, 0, 0, 43, 16, 109
"c:\laragon\www\icei\app\Http\Controllers\ServiciosVariosController.php", "PHP", 0, 158, 0, 0, 0, 0, 0, 0, 24, 29, 211
"c:\laragon\www\icei\app\Http\Kernel.php", "PHP", 0, 40, 0, 0, 0, 0, 0, 0, 20, 7, 67
"c:\laragon\www\icei\app\Http\Livewire\AnterioresEstudiantesComponent.php", "PHP", 0, 47, 0, 0, 0, 0, 0, 0, 0, 9, 56
"c:\laragon\www\icei\app\Http\Livewire\AulasComponent.php", "PHP", 0, 93, 0, 0, 0, 0, 0, 0, 0, 17, 110
"c:\laragon\www\icei\app\Http\Livewire\BuscadorEstudianteComponent.php", "PHP", 0, 61, 0, 0, 0, 0, 0, 0, 0, 15, 76
"c:\laragon\www\icei\app\Http\Livewire\CarreraComponent.php", "PHP", 0, 65, 0, 0, 0, 0, 0, 0, 17, 15, 97
"c:\laragon\www\icei\app\Http\Livewire\CarritoPagoGeneralComponent.php", "PHP", 0, 65, 0, 0, 0, 0, 0, 0, 0, 10, 75
"c:\laragon\www\icei\app\Http\Livewire\CarritoPagosComponent.php", "PHP", 0, 85, 0, 0, 0, 0, 0, 0, 0, 14, 99
"c:\laragon\www\icei\app\Http\Livewire\CategoriaComponent.php", "PHP", 0, 107, 0, 0, 0, 0, 0, 0, 0, 20, 127
"c:\laragon\www\icei\app\Http\Livewire\CategoriaServicioComponent.php", "PHP", 0, 108, 0, 0, 0, 0, 0, 0, 0, 19, 127
"c:\laragon\www\icei\app\Http\Livewire\CertificadosEntregadosComponent.php", "PHP", 0, 30, 0, 0, 0, 0, 0, 0, 0, 8, 38
"c:\laragon\www\icei\app\Http\Livewire\CertificadosPorCarreraEntregadosComponent.php", "PHP", 0, 30, 0, 0, 0, 0, 0, 0, 0, 10, 40
"c:\laragon\www\icei\app\Http\Livewire\CertificadosTallerEntregadosComponent.php", "PHP", 0, 30, 0, 0, 0, 0, 0, 0, 0, 9, 39
"c:\laragon\www\icei\app\Http\Livewire\ConfiguracionComponent.php", "PHP", 0, 60, 0, 0, 0, 0, 0, 0, 0, 9, 69
"c:\laragon\www\icei\app\Http\Livewire\DocenteComponent.php", "PHP", 0, 182, 0, 0, 0, 0, 0, 0, 0, 24, 206
"c:\laragon\www\icei\app\Http\Livewire\EstudianteComponent.php", "PHP", 0, 277, 0, 0, 0, 0, 0, 0, 0, 32, 309
"c:\laragon\www\icei\app\Http\Livewire\FiltroDocentePlanificacionComponent.php", "PHP", 0, 58, 0, 0, 0, 0, 0, 0, 0, 11, 69
"c:\laragon\www\icei\app\Http\Livewire\FiltroPlanificacionComponent.php", "PHP", 0, 56, 0, 0, 0, 0, 0, 0, 0, 9, 65
"c:\laragon\www\icei\app\Http\Livewire\FiltroPlanificacionModuloComponent.php", "PHP", 0, 55, 0, 0, 0, 0, 0, 0, 0, 10, 65
"c:\laragon\www\icei\app\Http\Livewire\FiltroPlanificacionTalleresComponent.php", "PHP", 0, 37, 0, 0, 0, 0, 0, 0, 0, 8, 45
"c:\laragon\www\icei\app\Http\Livewire\HorarioComponent.php", "PHP", 0, 111, 0, 0, 0, 0, 0, 0, 0, 19, 130
"c:\laragon\www\icei\app\Http\Livewire\InscripcionComponent.php", "PHP", 0, 160, 0, 0, 0, 0, 0, 0, 0, 22, 182
"c:\laragon\www\icei\app\Http\Livewire\InscripcionTalleresComponent.php", "PHP", 0, 58, 0, 0, 0, 0, 0, 0, 0, 13, 71
"c:\laragon\www\icei\app\Http\Livewire\KardexEstudianteComponent.php", "PHP", 0, 19, 0, 0, 0, 0, 0, 0, 0, 6, 25
"c:\laragon\www\icei\app\Http\Livewire\ModuloComponent.php", "PHP", 0, 78, 0, 0, 0, 0, 0, 0, 0, 17, 95
"c:\laragon\www\icei\app\Http\Livewire\PlanificacionCarreraComponent.php", "PHP", 0, 49, 0, 0, 0, 0, 0, 0, 0, 13, 62
"c:\laragon\www\icei\app\Http\Livewire\PlanificacionTallerComponent.php", "PHP", 0, 49, 0, 0, 0, 0, 0, 0, 0, 11, 60
"c:\laragon\www\icei\app\Http\Livewire\SeleccionRegistroEconomico.php", "PHP", 0, 32, 0, 0, 0, 0, 0, 0, 0, 6, 38
"c:\laragon\www\icei\app\Http\Livewire\SelectServiciosComponent.php", "PHP", 0, 19, 0, 0, 0, 0, 0, 0, 0, 7, 26
"c:\laragon\www\icei\app\Http\Livewire\ServiciosVariosComponent.php", "PHP", 0, 40, 0, 0, 0, 0, 0, 0, 0, 10, 50
"c:\laragon\www\icei\app\Http\Livewire\TalleresComponent.php", "PHP", 0, 92, 0, 0, 0, 0, 0, 0, 0, 17, 109
"c:\laragon\www\icei\app\Http\Livewire\TipoPagoComponent.php", "PHP", 0, 106, 0, 0, 0, 0, 0, 0, 0, 18, 124
"c:\laragon\www\icei\app\Http\Livewire\TipoPlanPagoComponent.php", "PHP", 0, 106, 0, 0, 0, 0, 0, 0, 0, 19, 125
"c:\laragon\www\icei\app\Http\Livewire\TipoRazonComponent.php", "PHP", 0, 106, 0, 0, 0, 0, 0, 0, 0, 18, 124
"c:\laragon\www\icei\app\Http\Livewire\UsuarioComponent.php", "PHP", 0, 117, 0, 0, 0, 0, 0, 0, 0, 17, 134
"c:\laragon\www\icei\app\Http\Middleware\Authenticate.php", "PHP", 0, 12, 0, 0, 0, 0, 0, 0, 6, 4, 22
"c:\laragon\www\icei\app\Http\Middleware\EncryptCookies.php", "PHP", 0, 8, 0, 0, 0, 0, 0, 0, 6, 4, 18
"c:\laragon\www\icei\app\Http\Middleware\PreventRequestsDuringMaintenance.php", "PHP", 0, 8, 0, 0, 0, 0, 0, 0, 6, 4, 18
"c:\laragon\www\icei\app\Http\Middleware\RedirectIfAuthenticated.php", "PHP", 0, 19, 0, 0, 0, 0, 0, 0, 8, 6, 33
"c:\laragon\www\icei\app\Http\Middleware\TrimStrings.php", "PHP", 0, 10, 0, 0, 0, 0, 0, 0, 5, 4, 19
"c:\laragon\www\icei\app\Http\Middleware\TrustHosts.php", "PHP", 0, 12, 0, 0, 0, 0, 0, 0, 5, 4, 21
"c:\laragon\www\icei\app\Http\Middleware\TrustProxies.php", "PHP", 0, 9, 0, 0, 0, 0, 0, 0, 10, 5, 24
"c:\laragon\www\icei\app\Http\Middleware\VerifyCsrfToken.php", "PHP", 0, 17, 0, 0, 0, 0, 0, 0, 6, 8, 31
"c:\laragon\www\icei\app\Imports\AnterioresEstudiantesImport.php", "PHP", 0, 26, 0, 0, 0, 0, 0, 0, 0, 4, 30
"c:\laragon\www\icei\app\Imports\EstudiantesImport.php", "PHP", 0, 60, 0, 0, 0, 0, 0, 0, 0, 8, 68
"c:\laragon\www\icei\app\Models\AnterioresEstudiantes.php", "PHP", 0, 11, 0, 0, 0, 0, 0, 0, 0, 6, 17
"c:\laragon\www\icei\app\Models\Aula.php", "PHP", 0, 17, 0, 0, 0, 0, 0, 0, 0, 7, 24
"c:\laragon\www\icei\app\Models\Carrera.php", "PHP", 0, 26, 0, 0, 0, 0, 0, 0, 0, 10, 36
"c:\laragon\www\icei\app\Models\Categoria.php", "PHP", 0, 13, 0, 0, 0, 0, 0, 0, 0, 7, 20
"c:\laragon\www\icei\app\Models\CategoriaServicio.php", "PHP", 0, 13, 0, 0, 0, 0, 0, 0, 0, 6, 19
"c:\laragon\www\icei\app\Models\Certificado.php", "PHP", 0, 29, 0, 0, 0, 0, 0, 0, 0, 12, 41
"c:\laragon\www\icei\app\Models\CertificadoCarrera.php", "PHP", 0, 44, 0, 0, 0, 0, 0, 0, 0, 11, 55
"c:\laragon\www\icei\app\Models\CertificadoTaller.php", "PHP", 0, 37, 0, 0, 0, 0, 0, 0, 0, 11, 48
"c:\laragon\www\icei\app\Models\Configuracion.php", "PHP", 0, 9, 0, 0, 0, 0, 0, 0, 0, 5, 14
"c:\laragon\www\icei\app\Models\Docente.php", "PHP", 0, 29, 0, 0, 0, 0, 0, 0, 0, 12, 41
"c:\laragon\www\icei\app\Models\Estudiante.php", "PHP", 0, 37, 0, 0, 0, 0, 0, 0, 0, 15, 52
"c:\laragon\www\icei\app\Models\Familiar.php", "PHP", 0, 13, 0, 0, 0, 0, 0, 0, 0, 6, 19
"c:\laragon\www\icei\app\Models\GradoAcademico.php", "PHP", 0, 10, 0, 0, 0, 0, 0, 0, 0, 6, 16
"c:\laragon\www\icei\app\Models\Horario.php", "PHP", 0, 25, 0, 0, 0, 0, 0, 0, 0, 9, 34
"c:\laragon\www\icei\app\Models\Inscripcion.php", "PHP", 0, 61, 0, 0, 0, 0, 0, 0, 2, 16, 79
"c:\laragon\www\icei\app\Models\InscripcionTaller.php", "PHP", 0, 33, 0, 0, 0, 0, 0, 0, 2, 11, 46
"c:\laragon\www\icei\app\Models\Modalidad.php", "PHP", 0, 8, 0, 0, 0, 0, 0, 0, 0, 4, 12
"c:\laragon\www\icei\app\Models\Modulo.php", "PHP", 0, 35, 0, 0, 0, 0, 0, 0, 3, 15, 53
"c:\laragon\www\icei\app\Models\Nota.php", "PHP", 0, 19, 0, 0, 0, 0, 0, 0, 0, 8, 27
"c:\laragon\www\icei\app\Models\PerfilDocente.php", "PHP", 0, 14, 0, 0, 0, 0, 0, 0, 0, 8, 22
"c:\laragon\www\icei\app\Models\PlanificacionCarrera.php", "PHP", 0, 50, 0, 0, 0, 0, 0, 0, 1, 19, 70
"c:\laragon\www\icei\app\Models\PlanificacionModulo.php", "PHP", 0, 25, 0, 0, 0, 0, 0, 0, 0, 8, 33
"c:\laragon\www\icei\app\Models\PlanificacionTaller.php", "PHP", 0, 45, 0, 0, 0, 0, 0, 0, 1, 17, 63
"c:\laragon\www\icei\app\Models\RegistroEconomico.php", "PHP", 0, 25, 0, 0, 0, 0, 0, 0, 0, 11, 36
"c:\laragon\www\icei\app\Models\Servicio.php", "PHP", 0, 29, 0, 0, 0, 0, 0, 0, 1, 10, 40
"c:\laragon\www\icei\app\Models\Taller.php", "PHP", 0, 13, 0, 0, 0, 0, 0, 0, 0, 6, 19
"c:\laragon\www\icei\app\Models\TipoPago.php", "PHP", 0, 14, 0, 0, 0, 0, 0, 0, 0, 7, 21
"c:\laragon\www\icei\app\Models\TipoPlanPago.php", "PHP", 0, 13, 0, 0, 0, 0, 0, 0, 0, 6, 19
"c:\laragon\www\icei\app\Models\TipoRazon.php", "PHP", 0, 13, 0, 0, 0, 0, 0, 0, 0, 6, 19
"c:\laragon\www\icei\app\Models\User.php", "PHP", 0, 41, 0, 0, 0, 0, 0, 0, 20, 8, 69
"c:\laragon\www\icei\app\Models\UsuarioGeneral.php", "PHP", 0, 13, 0, 0, 0, 0, 0, 0, 0, 6, 19
"c:\laragon\www\icei\app\Observers\CertificadoModularObserver.php", "PHP", 0, 11, 0, 0, 0, 0, 0, 0, 6, 4, 21
"c:\laragon\www\icei\app\Observers\InscripcionObserver.php", "PHP", 0, 52, 0, 0, 0, 0, 0, 0, 6, 9, 67
"c:\laragon\www\icei\app\Observers\PlanificacionCarreraObserver.php", "PHP", 0, 11, 0, 0, 0, 0, 0, 0, 6, 5, 22
"c:\laragon\www\icei\app\Observers\RegistroEconomicoObserver.php", "PHP", 0, 17, 0, 0, 0, 0, 0, 0, 20, 9, 46
"c:\laragon\www\icei\app\Providers\AppServiceProvider.php", "PHP", 0, 14, 0, 0, 0, 0, 0, 0, 11, 5, 30
"c:\laragon\www\icei\app\Providers\AuthServiceProvider.php", "PHP", 0, 13, 0, 0, 0, 0, 0, 0, 12, 6, 31
"c:\laragon\www\icei\app\Providers\BroadcastServiceProvider.php", "PHP", 0, 12, 0, 0, 0, 0, 0, 0, 5, 5, 22
"c:\laragon\www\icei\app\Providers\EventServiceProvider.php", "PHP", 0, 29, 0, 0, 0, 0, 0, 0, 10, 5, 44
"c:\laragon\www\icei\app\Providers\FortifyServiceProvider.php", "PHP", 0, 30, 0, 0, 0, 0, 0, 0, 11, 7, 48
"c:\laragon\www\icei\app\Providers\JetstreamServiceProvider.php", "PHP", 0, 26, 0, 0, 0, 0, 0, 0, 16, 8, 50
"c:\laragon\www\icei\app\Providers\RouteServiceProvider.php", "PHP", 0, 34, 0, 0, 0, 0, 0, 0, 25, 9, 68
"c:\laragon\www\icei\app\View\Components\AppLayout.php", "PHP", 0, 10, 0, 0, 0, 0, 0, 0, 5, 4, 19
"c:\laragon\www\icei\app\View\Components\GuestLayout.php", "PHP", 0, 10, 0, 0, 0, 0, 0, 0, 5, 4, 19
"c:\laragon\www\icei\bootstrap\app.php", "PHP", 0, 17, 0, 0, 0, 0, 0, 0, 30, 9, 56
"c:\laragon\www\icei\composer.json", "JSON", 0, 0, 0, 0, 0, 72, 0, 0, 0, 1, 73
"c:\laragon\www\icei\composer.lock", "JSON", 0, 0, 0, 0, 0, 9035, 0, 0, 0, 1, 9036
"c:\laragon\www\icei\config\adminlte.php", "PHP", 0, 388, 0, 0, 0, 0, 0, 0, 164, 34, 586
"c:\laragon\www\icei\config\app.php", "PHP", 0, 83, 0, 0, 0, 0, 0, 0, 121, 31, 235
"c:\laragon\www\icei\config\auth.php", "PHP", 0, 33, 0, 0, 0, 0, 0, 0, 70, 15, 118
"c:\laragon\www\icei\config\broadcasting.php", "PHP", 0, 30, 0, 0, 0, 0, 0, 0, 22, 13, 65
"c:\laragon\www\icei\config\cache.php", "PHP", 0, 55, 0, 0, 0, 0, 0, 0, 34, 18, 107
"c:\laragon\www\icei\config\cors.php", "PHP", 0, 3, 0, 0, 0, 0, 0, 0, 29, 3, 35
"c:\laragon\www\icei\config\database.php", "PHP", 0, 81, 0, 0, 0, 0, 0, 0, 45, 22, 148
"c:\laragon\www\icei\config\excel.php", "PHP", 0, 92, 0, 0, 0, 0, 0, 0, 211, 26, 329
"c:\laragon\www\icei\config\filesystems.php", "PHP", 0, 28, 0, 0, 0, 0, 0, 0, 32, 13, 73
"c:\laragon\www\icei\config\fortify.php", "PHP", 0, 27, 0, 0, 0, 0, 0, 0, 95, 24, 146
"c:\laragon\www\icei\config\fpdf.php", "PHP", 0, 7, 0, 0, 0, 0, 0, 0, 17, 6, 30
"c:\laragon\www\icei\config\hashing.php", "PHP", 0, 12, 0, 0, 0, 0, 0, 0, 32, 9, 53
"c:\laragon\www\icei\config\jetstream.php", "PHP", 0, 10, 0, 0, 0, 0, 0, 0, 44, 12, 66
"c:\laragon\www\icei\config\laravel-trix.php", "PHP", 0, 6, 0, 0, 0, 0, 0, 0, 0, 4, 10
"c:\laragon\www\icei\config\logging.php", "PHP", 0, 64, 0, 0, 0, 0, 0, 0, 24, 17, 105
"c:\laragon\www\icei\config\mail.php", "PHP", 0, 46, 0, 0, 0, 0, 0, 0, 47, 18, 111
"c:\laragon\www\icei\config\permission.php", "PHP", 0, 26, 0, 0, 0, 0, 0, 0, 81, 37, 144
"c:\laragon\www\icei\config\queue.php", "PHP", 0, 43, 0, 0, 0, 0, 0, 0, 32, 15, 90
"c:\laragon\www\icei\config\sanctum.php", "PHP", 0, 12, 0, 0, 0, 0, 0, 0, 30, 9, 51
"c:\laragon\www\icei\config\services.php", "PHP", 0, 16, 0, 0, 0, 0, 0, 0, 11, 7, 34
"c:\laragon\www\icei\config\session.php", "PHP", 0, 22, 0, 0, 0, 0, 0, 0, 147, 33, 202
"c:\laragon\www\icei\config\view.php", "PHP", 0, 10, 0, 0, 0, 0, 0, 0, 20, 7, 37
"c:\laragon\www\icei\database\factories\UserFactory.php", "PHP", 0, 27, 0, 0, 0, 0, 0, 0, 15, 6, 48
"c:\laragon\www\icei\database\migrations\2014_10_12_000000_create_users_table.php", "PHP", 0, 25, 0, 0, 0, 0, 0, 0, 10, 4, 39
"c:\laragon\www\icei\database\migrations\2014_10_12_100000_create_password_resets_table.php", "PHP", 0, 19, 0, 0, 0, 0, 0, 0, 10, 4, 33
"c:\laragon\www\icei\database\migrations\2014_10_12_200000_add_two_factor_columns_to_users_table.php", "PHP", 0, 24, 0, 0, 0, 0, 0, 0, 10, 5, 39
"c:\laragon\www\icei\database\migrations\2019_08_19_000000_create_failed_jobs_table.php", "PHP", 0, 23, 0, 0, 0, 0, 0, 0, 10, 4, 37
"c:\laragon\www\icei\database\migrations\2019_12_14_000001_create_personal_access_tokens_table.php", "PHP", 0, 23, 0, 0, 0, 0, 0, 0, 10, 4, 37
"c:\laragon\www\icei\database\migrations\2021_02_18_231900_create_sessions_table.php", "PHP", 0, 22, 0, 0, 0, 0, 0, 0, 10, 4, 36
"c:\laragon\www\icei\database\migrations\2021_02_19_000303_create_categorias_table.php", "PHP", 0, 21, 0, 0, 0, 0, 0, 0, 10, 4, 35
"c:\laragon\www\icei\database\migrations\2021_02_19_000325_create_horarios_table.php", "PHP", 0, 23, 0, 0, 0, 0, 0, 0, 10, 4, 37
"c:\laragon\www\icei\database\migrations\2021_02_19_000346_create_estudiantes_table.php", "PHP", 0, 28, 0, 0, 0, 0, 0, 0, 10, 4, 42
"c:\laragon\www\icei\database\migrations\2021_02_19_000413_create_docentes_table.php", "PHP", 0, 27, 0, 0, 0, 0, 0, 0, 10, 4, 41
"c:\laragon\www\icei\database\migrations\2021_02_19_000431_create_perfil_docentes_table.php", "PHP", 0, 24, 0, 0, 0, 0, 0, 0, 10, 4, 38
"c:\laragon\www\icei\database\migrations\2021_02_19_000447_create_carreras_table.php", "PHP", 0, 25, 0, 0, 0, 0, 0, 0, 10, 4, 39
"c:\laragon\www\icei\database\migrations\2021_02_19_000500_create_modulos_table.php", "PHP", 0, 25, 0, 0, 0, 0, 0, 0, 10, 4, 39
"c:\laragon\www\icei\database\migrations\2021_02_19_000528_create_grado_academicos_table.php", "PHP", 0, 23, 0, 0, 0, 0, 0, 0, 10, 4, 37
"c:\laragon\www\icei\database\migrations\2021_02_19_002318_create_trix_rich_texts_table.php", "PHP", 0, 32, 0, 0, 0, 0, 0, 0, 10, 4, 46
"c:\laragon\www\icei\database\migrations\2021_02_20_192017_create_aulas_table.php", "PHP", 0, 21, 0, 0, 0, 0, 0, 0, 10, 4, 35
"c:\laragon\www\icei\database\migrations\2021_02_24_161325_create_tipo_plan_pagos_table.php", "PHP", 0, 21, 0, 0, 0, 0, 0, 0, 10, 4, 35
"c:\laragon\www\icei\database\migrations\2021_02_24_161331_create_tipo_pagos_table.php", "PHP", 0, 21, 0, 0, 0, 0, 0, 0, 10, 4, 35
"c:\laragon\www\icei\database\migrations\2021_02_24_193505_create_permission_tables.php", "PHP", 0, 82, 0, 0, 0, 0, 0, 0, 10, 24, 116
"c:\laragon\www\icei\database\migrations\2021_03_10_003238_create_familiars_table.php", "PHP", 0, 23, 0, 0, 0, 0, 0, 0, 10, 4, 37
"c:\laragon\www\icei\database\migrations\2021_03_14_144010_create_modalidads_table.php", "PHP", 0, 19, 0, 0, 0, 0, 0, 0, 10, 4, 33
"c:\laragon\www\icei\database\migrations\2021_03_14_144515_create_planificacion_carreras_table.php", "PHP", 0, 28, 0, 0, 0, 0, 0, 0, 10, 4, 42
"c:\laragon\www\icei\database\migrations\2021_03_14_144617_create_planificacion_modulos_table.php", "PHP", 0, 25, 0, 0, 0, 0, 0, 0, 10, 4, 39
"c:\laragon\www\icei\database\migrations\2021_03_15_170337_create_inscripcions_table.php", "PHP", 0, 38, 0, 0, 0, 0, 0, 0, 10, 4, 52
"c:\laragon\www\icei\database\migrations\2021_03_30_164924_create_configuracions_table.php", "PHP", 0, 25, 0, 0, 0, 0, 0, 0, 10, 4, 39
"c:\laragon\www\icei\database\migrations\2021_03_30_215728_create_notas_table.php", "PHP", 0, 24, 0, 0, 0, 0, 0, 0, 10, 4, 38
"c:\laragon\www\icei\database\migrations\2021_04_03_120105_create_usuario_generals_table.php", "PHP", 0, 19, 0, 0, 0, 0, 0, 0, 10, 4, 33
"c:\laragon\www\icei\database\migrations\2021_04_03_120611_add_usuario_general_id_to_users.php", "PHP", 0, 18, 0, 0, 0, 0, 0, 0, 11, 4, 33
"c:\laragon\www\icei\database\migrations\2021_04_04_141916_create_tipo_razons_table.php", "PHP", 0, 21, 0, 0, 0, 0, 0, 0, 10, 4, 35
"c:\laragon\www\icei\database\migrations\2021_04_04_142004_create_registro_economicos_table.php", "PHP", 0, 27, 0, 0, 0, 0, 0, 0, 10, 4, 41
"c:\laragon\www\icei\database\migrations\2021_04_04_143352_create_categoria_servicios_table.php", "PHP", 0, 21, 0, 0, 0, 0, 0, 0, 10, 4, 35
"c:\laragon\www\icei\database\migrations\2021_04_04_150149_create_servicios_table.php", "PHP", 0, 27, 0, 0, 0, 0, 0, 0, 10, 4, 41
"c:\laragon\www\icei\database\migrations\2021_04_17_193305_create_certificados_table.php", "PHP", 0, 32, 0, 0, 0, 0, 0, 0, 10, 4, 46
"c:\laragon\www\icei\database\migrations\2021_04_20_152526_create_tallers_table.php", "PHP", 0, 21, 0, 0, 0, 0, 0, 0, 10, 4, 35
"c:\laragon\www\icei\database\migrations\2021_04_20_163645_create_planificacion_tallers_table.php", "PHP", 0, 29, 0, 0, 0, 0, 0, 0, 10, 4, 43
"c:\laragon\www\icei\database\migrations\2021_04_20_194732_create_inscripcion_tallers_table.php", "PHP", 0, 25, 0, 0, 0, 0, 0, 0, 10, 4, 39
"c:\laragon\www\icei\database\migrations\2021_04_21_124938_create_certificado_tallers_table.php", "PHP", 0, 29, 0, 0, 0, 0, 0, 0, 10, 4, 43
"c:\laragon\www\icei\database\migrations\2021_04_22_182831_create_anteriores_estudiantes_table.php", "PHP", 0, 28, 0, 0, 0, 0, 0, 0, 10, 4, 42
"c:\laragon\www\icei\database\migrations\2021_04_25_234721_create_certificado_carreras_table.php", "PHP", 0, 33, 0, 0, 0, 0, 0, 0, 10, 4, 47
"c:\laragon\www\icei\database\seeders\CategoriaSeeder.php", "PHP", 0, 64, 0, 0, 0, 0, 0, 0, 5, 13, 82
"c:\laragon\www\icei\database\seeders\DatabaseSeeder.php", "PHP", 0, 13, 0, 0, 0, 0, 0, 0, 6, 4, 23
"c:\laragon\www\icei\database\seeders\ModalidadSeeder.php", "PHP", 0, 19, 0, 0, 0, 0, 0, 0, 5, 4, 28
"c:\laragon\www\icei\database\seeders\RoleSeeder.php", "PHP", 0, 69, 0, 0, 0, 0, 0, 0, 5, 13, 87
"c:\laragon\www\icei\database\seeders\UserSeeder.php", "PHP", 0, 15, 0, 0, 0, 0, 0, 0, 5, 4, 24
"c:\laragon\www\icei\out\linecounter.json", "JSON", 0, 0, 0, 0, 0, 49356, 0, 0, 0, 0, 49356
"c:\laragon\www\icei\package-lock.json", "JSON", 0, 0, 0, 0, 0, 11044, 0, 0, 0, 1, 11045
"c:\laragon\www\icei\package.json", "JSON", 0, 0, 0, 0, 0, 28, 0, 0, 0, 1, 29
"c:\laragon\www\icei\phpunit.xml", "XML", 0, 0, 0, 0, 0, 0, 29, 0, 2, 1, 32
"c:\laragon\www\icei\public\css\app.css", "CSS", 0, 0, 0, 150143, 0, 0, 0, 0, 206, 42220, 192569
"c:\laragon\www\icei\public\css\auth.css", "CSS", 0, 0, 0, 3, 0, 0, 0, 0, 6, 3, 12
"c:\laragon\www\icei\public\css\lightbox.min.css", "CSS", 0, 0, 0, 1, 0, 0, 0, 0, 0, 0, 1
"c:\laragon\www\icei\public\css\plantilla.css", "CSS", 0, 0, 0, 1, 0, 0, 0, 0, 0, 1, 2
"c:\laragon\www\icei\public\css\select2.min.css", "CSS", 0, 0, 0, 1, 0, 0, 0, 0, 0, 1, 2
"c:\laragon\www\icei\public\icons\edit.svg", "XML", 0, 0, 0, 0, 0, 0, 1, 0, 0, 0, 1
"c:\laragon\www\icei\public\images\bg-login-page.svg", "XML", 0, 0, 0, 0, 0, 0, 17, 0, 0, 1, 18
"c:\laragon\www\icei\public\images\error-illustration.svg", "XML", 0, 0, 0, 0, 0, 0, 73, 0, 0, 1, 74
"c:\laragon\www\icei\public\images\illustration.svg", "XML", 0, 0, 0, 0, 0, 0, 121, 0, 0, 1, 122
"c:\laragon\www\icei\public\images\logo.svg", "XML", 0, 0, 0, 0, 0, 0, 1, 0, 0, 0, 1
"c:\laragon\www\icei\public\images\logo2.svg", "XML", 0, 0, 0, 0, 0, 0, 1, 0, 0, 0, 1
"c:\laragon\www\icei\public\images\phone-illustration.svg", "XML", 0, 0, 0, 0, 0, 0, 11, 0, 0, 1, 12
"c:\laragon\www\icei\public\images\tailwindcss.svg", "XML", 0, 0, 0, 0, 0, 0, 7, 0, 0, 1, 8
"c:\laragon\www\icei\public\images\user.svg", "XML", 0, 0, 0, 0, 0, 0, 1, 0, 0, 0, 1
"c:\laragon\www\icei\public\index.php", "PHP", 0, 14, 0, 0, 0, 0, 0, 0, 30, 12, 56
"c:\laragon\www\icei\public\js\app.js", "JavaScript", 0, 0, 16088, 0, 0, 0, 0, 0, 12858, 3797, 32743
"c:\laragon\www\icei\public\js\auth.js", "JavaScript", 0, 0, 1, 0, 0, 0, 0, 0, 1, 0, 2
"c:\laragon\www\icei\public\js\ckeditor.js", "JavaScript", 0, 0, 1, 0, 0, 0, 0, 0, 5, 0, 6
"c:\laragon\www\icei\public\js\lightbox-plus-jquery.min.js", "JavaScript", 0, 0, 3, 0, 0, 0, 0, 0, 35, 0, 38
"c:\laragon\www\icei\public\js\plantilla.js", "JavaScript", 0, 0, 1, 0, 0, 0, 0, 0, 0, 0, 1
"c:\laragon\www\icei\public\js\select2.min.js", "JavaScript", 0, 0, 1, 0, 0, 0, 0, 0, 1, 0, 2
"c:\laragon\www\icei\public\mix-manifest.json", "JSON", 0, 0, 0, 0, 0, 4, 0, 0, 0, 1, 5
"c:\laragon\www\icei\public\vendor\adminlte\dist\css\adminlte.css", "CSS", 0, 0, 0, 26045, 0, 0, 0, 0, 21, 5155, 31221
"c:\laragon\www\icei\public\vendor\adminlte\dist\css\adminlte.min.css", "CSS", 0, 0, 0, 2, 0, 0, 0, 0, 10, 0, 12
"c:\laragon\www\icei\public\vendor\adminlte\dist\js\adminlte.js", "JavaScript", 0, 0, 1362, 0, 0, 0, 0, 0, 223, 312, 1897
"c:\laragon\www\icei\public\vendor\adminlte\dist\js\adminlte.min.js", "JavaScript", 0, 0, 1, 0, 0, 0, 0, 0, 6, 0, 7
"c:\laragon\www\icei\public\vendor\bootstrap\js\bootstrap.bundle.js", "JavaScript", 0, 0, 4586, 0, 0, 0, 0, 0, 1375, 1174, 7135
"c:\laragon\www\icei\public\vendor\bootstrap\js\bootstrap.bundle.min.js", "JavaScript", 0, 0, 1, 0, 0, 0, 0, 0, 6, 0, 7
"c:\laragon\www\icei\public\vendor\bootstrap\js\bootstrap.js", "JavaScript", 0, 0, 3347, 0, 0, 0, 0, 0, 325, 850, 4522
"c:\laragon\www\icei\public\vendor\bootstrap\js\bootstrap.min.js", "JavaScript", 0, 0, 1, 0, 0, 0, 0, 0, 6, 0, 7
"c:\laragon\www\icei\public\vendor\fontawesome-free\css\all.css", "CSS", 0, 0, 0, 3070, 0, 0, 0, 0, 6, 1481, 4557
"c:\laragon\www\icei\public\vendor\fontawesome-free\css\all.min.css", "CSS", 0, 0, 0, 1, 0, 0, 0, 0, 4, 0, 5
"c:\laragon\www\icei\public\vendor\fontawesome-free\css\brands.css", "CSS", 0, 0, 0, 10, 0, 0, 0, 0, 4, 2, 16
"c:\laragon\www\icei\public\vendor\fontawesome-free\css\brands.min.css", "CSS", 0, 0, 0, 1, 0, 0, 0, 0, 4, 0, 5
"c:\laragon\www\icei\public\vendor\fontawesome-free\css\fontawesome.css", "CSS", 0, 0, 0, 3039, 0, 0, 0, 0, 6, 1478, 4523
"c:\laragon\www\icei\public\vendor\fontawesome-free\css\fontawesome.min.css", "CSS", 0, 0, 0, 1, 0, 0, 0, 0, 4, 0, 5
"c:\laragon\www\icei\public\vendor\fontawesome-free\css\regular.css", "CSS", 0, 0, 0, 10, 0, 0, 0, 0, 4, 2, 16
"c:\laragon\www\icei\public\vendor\fontawesome-free\css\regular.min.css", "CSS", 0, 0, 0, 1, 0, 0, 0, 0, 4, 0, 5
"c:\laragon\www\icei\public\vendor\fontawesome-free\css\solid.css", "CSS", 0, 0, 0, 11, 0, 0, 0, 0, 4, 2, 17
"c:\laragon\www\icei\public\vendor\fontawesome-free\css\solid.min.css", "CSS", 0, 0, 0, 1, 0, 0, 0, 0, 4, 0, 5
"c:\laragon\www\icei\public\vendor\fontawesome-free\css\svg-with-js.css", "CSS", 0, 0, 0, 312, 0, 0, 0, 0, 4, 56, 372
"c:\laragon\www\icei\public\vendor\fontawesome-free\css\svg-with-js.min.css", "CSS", 0, 0, 0, 1, 0, 0, 0, 0, 4, 0, 5
"c:\laragon\www\icei\public\vendor\fontawesome-free\css\v4-shims.css", "CSS", 0, 0, 0, 1556, 0, 0, 0, 0, 4, 613, 2173
"c:\laragon\www\icei\public\vendor\fontawesome-free\css\v4-shims.min.css", "CSS", 0, 0, 0, 1, 0, 0, 0, 0, 4, 0, 5
"c:\laragon\www\icei\public\vendor\fontawesome-free\webfonts\fa-brands-400.svg", "XML", 0, 0, 0, 0, 0, 0, 3566, 0, 4, 1, 3571
"c:\laragon\www\icei\public\vendor\fontawesome-free\webfonts\fa-regular-400.svg", "XML", 0, 0, 0, 0, 0, 0, 799, 0, 4, 1, 804
"c:\laragon\www\icei\public\vendor\fontawesome-free\webfonts\fa-solid-900.svg", "XML", 0, 0, 0, 0, 0, 0, 4934, 0, 4, 1, 4939
"c:\laragon\www\icei\public\vendor\jquery\jquery.js", "JavaScript", 0, 0, 6800, 0, 0, 0, 0, 0, 1810, 1989, 10599
"c:\laragon\www\icei\public\vendor\jquery\jquery.min.js", "JavaScript", 0, 0, 1, 0, 0, 0, 0, 0, 1, 1, 3
"c:\laragon\www\icei\public\vendor\overlayScrollbars\css\OverlayScrollbars.css", "CSS", 0, 0, 0, 594, 0, 0, 0, 0, 24, 7, 625
"c:\laragon\www\icei\public\vendor\overlayScrollbars\css\OverlayScrollbars.min.css", "CSS", 0, 0, 0, 1, 0, 0, 0, 0, 12, 0, 13
"c:\laragon\www\icei\public\vendor\overlayScrollbars\js\OverlayScrollbars.js", "JavaScript", 0, 0, 4880, 0, 0, 0, 0, 0, 1109, 664, 6653
"c:\laragon\www\icei\public\vendor\overlayScrollbars\js\OverlayScrollbars.min.js", "JavaScript", 0, 0, 1, 0, 0, 0, 0, 0, 12, 0, 13
"c:\laragon\www\icei\public\vendor\overlayScrollbars\js\jquery.overlayScrollbars.js", "JavaScript", 0, 0, 3989, 0, 0, 0, 0, 0, 1051, 531, 5571
"c:\laragon\www\icei\public\vendor\overlayScrollbars\js\jquery.overlayScrollbars.min.js", "JavaScript", 0, 0, 1, 0, 0, 0, 0, 0, 12, 0, 13
"c:\laragon\www\icei\public\vendor\popper\esm\popper-utils.js", "JavaScript", 0, 0, 616, 0, 0, 0, 0, 0, 360, 138, 1114
"c:\laragon\www\icei\public\vendor\popper\esm\popper-utils.min.js", "JavaScript", 0, 0, 1, 0, 0, 0, 0, 0, 4, 1, 6
"c:\laragon\www\icei\public\vendor\popper\esm\popper.js", "JavaScript", 0, 0, 1241, 0, 0, 0, 0, 0, 1051, 325, 2617
"c:\laragon\www\icei\public\vendor\popper\esm\popper.min.js", "JavaScript", 0, 0, 1, 0, 0, 0, 0, 0, 4, 1, 6
"c:\laragon\www\icei\public\vendor\popper\popper-utils.js", "JavaScript", 0, 0, 579, 0, 0, 0, 0, 0, 360, 124, 1063
"c:\laragon\www\icei\public\vendor\popper\popper-utils.min.js", "JavaScript", 0, 0, 1, 0, 0, 0, 0, 0, 4, 1, 6
"c:\laragon\www\icei\public\vendor\popper\popper.js", "JavaScript", 0, 0, 1125, 0, 0, 0, 0, 0, 1051, 287, 2463
"c:\laragon\www\icei\public\vendor\popper\popper.min.js", "JavaScript", 0, 0, 1, 0, 0, 0, 0, 0, 4, 1, 6
"c:\laragon\www\icei\public\vendor\popper\umd\popper-utils.js", "JavaScript", 0, 0, 651, 0, 0, 0, 0, 0, 360, 141, 1152
"c:\laragon\www\icei\public\vendor\popper\umd\popper-utils.min.js", "JavaScript", 0, 0, 1, 0, 0, 0, 0, 0, 4, 1, 6
"c:\laragon\www\icei\public\vendor\popper\umd\popper.js", "JavaScript", 0, 0, 1247, 0, 0, 0, 0, 0, 1051, 327, 2625
"c:\laragon\www\icei\public\vendor\popper\umd\popper.min.js", "JavaScript", 0, 0, 1, 0, 0, 0, 0, 0, 4, 1, 6
"c:\laragon\www\icei\resources\css\app.css", "CSS", 0, 0, 0, 5, 0, 0, 0, 0, 0, 2, 7
"c:\laragon\www\icei\resources\css\custom.css", "CSS", 0, 0, 0, 51, 0, 0, 0, 0, 0, 13, 64
"c:\laragon\www\icei\resources\js\app.js", "JavaScript", 0, 0, 3, 0, 0, 0, 0, 0, 0, 3, 6
"c:\laragon\www\icei\resources\js\bootstrap.js", "JavaScript", 0, 0, 3, 0, 0, 0, 0, 0, 18, 8, 29
"c:\laragon\www\icei\resources\lang\en\auth.php", "PHP", 0, 6, 0, 0, 0, 0, 0, 0, 10, 5, 21
"c:\laragon\www\icei\resources\lang\en\pagination.php", "PHP", 0, 5, 0, 0, 0, 0, 0, 0, 10, 5, 20
"c:\laragon\www\icei\resources\lang\en\passwords.php", "PHP", 0, 8, 0, 0, 0, 0, 0, 0, 10, 5, 23
"c:\laragon\www\icei\resources\lang\en\validation.php", "PHP", 0, 114, 0, 0, 0, 0, 0, 0, 30, 9, 153
"c:\laragon\www\icei\resources\lang\es.json", "JSON", 0, 0, 0, 0, 0, 33, 0, 0, 0, 1, 34
"c:\laragon\www\icei\resources\lang\es\auth.php", "PHP", 0, 5, 0, 0, 0, 0, 0, 0, 10, 5, 20
"c:\laragon\www\icei\resources\lang\es\pagination.php", "PHP", 0, 5, 0, 0, 0, 0, 0, 0, 10, 5, 20
"c:\laragon\www\icei\resources\lang\es\passwords.php", "PHP", 0, 9, 0, 0, 0, 0, 0, 0, 10, 4, 23
"c:\laragon\www\icei\resources\lang\es\validation.php", "PHP", 0, 113, 0, 0, 0, 0, 0, 0, 30, 9, 152
"c:\laragon\www\icei\resources\lang\vendor\adminlte\ar\adminlte.php", "PHP", 0, 20, 0, 0, 0, 0, 0, 0, 0, 2, 22
"c:\laragon\www\icei\resources\lang\vendor\adminlte\ca\adminlte.php", "PHP", 0, 20, 0, 0, 0, 0, 0, 0, 0, 2, 22
"c:\laragon\www\icei\resources\lang\vendor\adminlte\de\adminlte.php", "PHP", 0, 25, 0, 0, 0, 0, 0, 0, 0, 3, 28
"c:\laragon\www\icei\resources\lang\vendor\adminlte\de\menu.php", "PHP", 0, 17, 0, 0, 0, 0, 0, 0, 0, 3, 20
"c:\laragon\www\icei\resources\lang\vendor\adminlte\en\adminlte.php", "PHP", 0, 26, 0, 0, 0, 0, 0, 0, 0, 3, 29
"c:\laragon\www\icei\resources\lang\vendor\adminlte\en\menu.php", "PHP", 0, 17, 0, 0, 0, 0, 0, 0, 0, 3, 20
"c:\laragon\www\icei\resources\lang\vendor\adminlte\es\adminlte.php", "PHP", 0, 26, 0, 0, 0, 0, 0, 0, 0, 3, 29
"c:\laragon\www\icei\resources\lang\vendor\adminlte\es\menu.php", "PHP", 0, 17, 0, 0, 0, 0, 0, 0, 0, 3, 20
"c:\laragon\www\icei\resources\lang\vendor\adminlte\fa\adminlte.php", "PHP", 0, 20, 0, 0, 0, 0, 0, 0, 0, 3, 23
"c:\laragon\www\icei\resources\lang\vendor\adminlte\fr\adminlte.php", "PHP", 0, 20, 0, 0, 0, 0, 0, 0, 0, 3, 23
"c:\laragon\www\icei\resources\lang\vendor\adminlte\hr\adminlte.php", "PHP", 0, 20, 0, 0, 0, 0, 0, 0, 0, 3, 23
"c:\laragon\www\icei\resources\lang\vendor\adminlte\hu\adminlte.php", "PHP", 0, 20, 0, 0, 0, 0, 0, 0, 0, 2, 22
"c:\laragon\www\icei\resources\lang\vendor\adminlte\id\adminlte.php", "PHP", 0, 26, 0, 0, 0, 0, 0, 0, 0, 3, 29
"c:\laragon\www\icei\resources\lang\vendor\adminlte\id\menu.php", "PHP", 0, 17, 0, 0, 0, 0, 0, 0, 0, 3, 20
"c:\laragon\www\icei\resources\lang\vendor\adminlte\it\adminlte.php", "PHP", 0, 20, 0, 0, 0, 0, 0, 0, 0, 3, 23
"c:\laragon\www\icei\resources\lang\vendor\adminlte\ja\adminlte.php", "PHP", 0, 25, 0, 0, 0, 0, 0, 0, 0, 3, 28
"c:\laragon\www\icei\resources\lang\vendor\adminlte\ja\menu.php", "PHP", 0, 17, 0, 0, 0, 0, 0, 0, 0, 3, 20
"c:\laragon\www\icei\resources\lang\vendor\adminlte\la\adminlte.php", "PHP", 0, 20, 0, 0, 0, 0, 0, 0, 0, 3, 23
"c:\laragon\www\icei\resources\lang\vendor\adminlte\la\menu.php", "PHP", 0, 17, 0, 0, 0, 0, 0, 0, 0, 3, 20
"c:\laragon\www\icei\resources\lang\vendor\adminlte\nl\adminlte.php", "PHP", 0, 20, 0, 0, 0, 0, 0, 0, 0, 3, 23
"c:\laragon\www\icei\resources\lang\vendor\adminlte\pl\adminlte.php", "PHP", 0, 20, 0, 0, 0, 0, 0, 0, 0, 3, 23
"c:\laragon\www\icei\resources\lang\vendor\adminlte\pt-br\adminlte.php", "PHP", 0, 20, 0, 0, 0, 0, 0, 0, 0, 3, 23
"c:\laragon\www\icei\resources\lang\vendor\adminlte\pt-br\menu.php", "PHP", 0, 17, 0, 0, 0, 0, 0, 0, 0, 3, 20
"c:\laragon\www\icei\resources\lang\vendor\adminlte\ru\adminlte.php", "PHP", 0, 20, 0, 0, 0, 0, 0, 0, 0, 4, 24
"c:\laragon\www\icei\resources\lang\vendor\adminlte\ru\menu.php", "PHP", 0, 17, 0, 0, 0, 0, 0, 0, 0, 3, 20
"c:\laragon\www\icei\resources\lang\vendor\adminlte\tr\adminlte.php", "PHP", 0, 26, 0, 0, 0, 0, 0, 0, 0, 4, 30
"c:\laragon\www\icei\resources\lang\vendor\adminlte\tr\menu.php", "PHP", 0, 17, 0, 0, 0, 0, 0, 0, 0, 3, 20
"c:\laragon\www\icei\resources\lang\vendor\adminlte\uk\adminlte.php", "PHP", 0, 20, 0, 0, 0, 0, 0, 0, 0, 4, 24
"c:\laragon\www\icei\resources\lang\vendor\adminlte\uk\menu.php", "PHP", 0, 17, 0, 0, 0, 0, 0, 0, 0, 3, 20
"c:\laragon\www\icei\resources\lang\vendor\adminlte\vi\adminlte.php", "PHP", 0, 20, 0, 0, 0, 0, 0, 0, 0, 3, 23
"c:\laragon\www\icei\resources\lang\vendor\adminlte\vi\menu.php", "PHP", 0, 17, 0, 0, 0, 0, 0, 0, 0, 3, 20
"c:\laragon\www\icei\resources\lang\vendor\adminlte\zh-CN\adminlte.php", "PHP", 0, 20, 0, 0, 0, 0, 0, 0, 0, 3, 23
"c:\laragon\www\icei\resources\lang\vendor\adminlte\zh-CN\menu.php", "PHP", 0, 17, 0, 0, 0, 0, 0, 0, 0, 3, 20
"c:\laragon\www\icei\resources\markdown\policy.md", "Markdown", 0, 0, 0, 0, 2, 0, 0, 0, 0, 2, 4
"c:\laragon\www\icei\resources\markdown\terms.md", "Markdown", 0, 0, 0, 0, 2, 0, 0, 0, 0, 2, 4
"c:\laragon\www\icei\resources\views\admin\anterioresEstudiantes\excelForm.blade.php", "PHP", 0, 35, 0, 0, 0, 0, 0, 0, 0, 3, 38
"c:\laragon\www\icei\resources\views\admin\anterioresEstudiantes\index.blade.php", "PHP", 0, 30, 0, 0, 0, 0, 0, 0, 0, 5, 35
"c:\laragon\www\icei\resources\views\admin\aulas\form.blade.php", "PHP", 0, 27, 0, 0, 0, 0, 0, 0, 0, 3, 30
"c:\laragon\www\icei\resources\views\admin\aulas\index.blade.php", "PHP", 0, 72, 0, 0, 0, 0, 0, 0, 0, 9, 81
"c:\laragon\www\icei\resources\views\admin\busquedaPorPlanificacion\index.blade.php", "PHP", 0, 19, 0, 0, 0, 0, 0, 0, 0, 5, 24
"c:\laragon\www\icei\resources\views\admin\calendario\index.blade.php", "PHP", 0, 39, 0, 0, 0, 0, 0, 0, 0, 6, 45
"c:\laragon\www\icei\resources\views\admin\carreras\create.blade.php", "PHP", 0, 58, 0, 0, 0, 0, 0, 0, 50, 3, 111
"c:\laragon\www\icei\resources\views\admin\carreras\edit.blade.php", "PHP", 0, 78, 0, 0, 0, 0, 0, 0, 49, 3, 130
"c:\laragon\www\icei\resources\views\admin\carreras\index.blade.php", "PHP", 0, 73, 0, 0, 0, 0, 0, 0, 0, 8, 81
"c:\laragon\www\icei\resources\views\admin\carreras\show.blade.php", "PHP", 0, 22, 0, 0, 0, 0, 0, 0, 0, 3, 25
"c:\laragon\www\icei\resources\views\admin\categoriaServiciosVarios\form.blade.php", "PHP", 0, 34, 0, 0, 0, 0, 0, 0, 0, 3, 37
"c:\laragon\www\icei\resources\views\admin\categoriaServiciosVarios\index.blade.php", "PHP", 0, 63, 0, 0, 0, 0, 0, 0, 0, 7, 70
"c:\laragon\www\icei\resources\views\admin\categorias\form.blade.php", "PHP", 0, 32, 0, 0, 0, 0, 0, 0, 0, 3, 35
"c:\laragon\www\icei\resources\views\admin\categorias\index.blade.php", "PHP", 0, 72, 0, 0, 0, 0, 0, 0, 0, 8, 80
"c:\laragon\www\icei\resources\views\admin\certificadoFinal\detalle-certificado-carrera.blade.php", "PHP", 0, 381, 0, 0, 0, 0, 0, 0, 0, 15, 396
"c:\laragon\www\icei\resources\views\admin\certificadoFinal\entregados.blade.php", "PHP", 0, 13, 0, 0, 0, 0, 0, 0, 0, 5, 18
"c:\laragon\www\icei\resources\views\admin\certificadoFinal\index.blade.php", "PHP", 0, 54, 0, 0, 0, 0, 0, 0, 0, 8, 62
"c:\laragon\www\icei\resources\views\admin\certificadoFinal\solicitados.blade.php", "PHP", 0, 99, 0, 0, 0, 0, 0, 0, 0, 5, 104
"c:\laragon\www\icei\resources\views\admin\certificadoFinal\verificacion.blade.php", "PHP", 0, 206, 0, 0, 0, 0, 0, 0, 0, 9, 215
"c:\laragon\www\icei\resources\views\admin\certificadosTalleres\entregados.blade.php", "PHP", 0, 13, 0, 0, 0, 0, 0, 0, 0, 5, 18
"c:\laragon\www\icei\resources\views\admin\certificadosTalleres\solicitados.blade.php", "PHP", 0, 114, 0, 0, 0, 0, 0, 0, 0, 5, 119
"c:\laragon\www\icei\resources\views\admin\certificados\entregados.blade.php", "PHP", 0, 13, 0, 0, 0, 0, 0, 0, 0, 5, 18
"c:\laragon\www\icei\resources\views\admin\certificados\solicitados.blade.php", "PHP", 0, 103, 0, 0, 0, 0, 0, 0, 0, 5, 108
"c:\laragon\www\icei\resources\views\admin\configuraciones\index.blade.php", "PHP", 0, 27, 0, 0, 0, 0, 0, 0, 0, 7, 34
"c:\laragon\www\icei\resources\views\admin\docentes\edit.blade.php", "PHP", 0, 54, 0, 0, 0, 0, 0, 0, 56, 3, 113
"c:\laragon\www\icei\resources\views\admin\docentes\form.blade.php", "PHP", 0, 65, 0, 0, 0, 0, 0, 0, 0, 3, 68
"c:\laragon\www\icei\resources\views\admin\docentes\index.blade.php", "PHP", 0, 73, 0, 0, 0, 0, 0, 0, 0, 10, 83
"c:\laragon\www\icei\resources\views\admin\docentes\profile.blade.php", "PHP", 0, 33, 0, 0, 0, 0, 0, 0, 0, 2, 35
"c:\laragon\www\icei\resources\views\admin\estudiantes\excelForm.blade.php", "PHP", 0, 39, 0, 0, 0, 0, 0, 0, 0, 3, 42
"c:\laragon\www\icei\resources\views\admin\estudiantes\form.blade.php", "PHP", 0, 138, 0, 0, 0, 0, 0, 0, 0, 2, 140
"c:\laragon\www\icei\resources\views\admin\estudiantes\index.blade.php", "PHP", 0, 86, 0, 0, 0, 0, 0, 0, 0, 11, 97
"c:\laragon\www\icei\resources\views\admin\estudiantes\modulos-inscritos.blade.php", "PHP", 0, 83, 0, 0, 0, 0, 0, 0, 0, 6, 89
"c:\laragon\www\icei\resources\views\admin\estudiantes\show.blade.php", "PHP", 0, 32, 0, 0, 0, 0, 0, 0, 0, 3, 35
"c:\laragon\www\icei\resources\views\admin\horarios\form.blade.php", "PHP", 0, 61, 0, 0, 0, 0, 0, 0, 0, 3, 64
"c:\laragon\www\icei\resources\views\admin\horarios\index.blade.php", "PHP", 0, 63, 0, 0, 0, 0, 0, 0, 0, 10, 73
"c:\laragon\www\icei\resources\views\admin\inscripcionesTalleres\create.blade.php", "PHP", 0, 54, 0, 0, 0, 0, 0, 0, 0, 7, 61
"c:\laragon\www\icei\resources\views\admin\inscripcionesTalleres\detalle-certificado.blade.php", "PHP", 0, 85, 0, 0, 0, 0, 0, 0, 0, 2, 87
"c:\laragon\www\icei\resources\views\admin\inscripcionesTalleres\edit.blade.php", "PHP", 0, 198, 0, 0, 0, 0, 0, 0, 0, 13, 211
"c:\laragon\www\icei\resources\views\admin\inscripcionesTalleres\index.blade.php", "PHP", 0, 35, 0, 0, 0, 0, 0, 0, 0, 5, 40
"c:\laragon\www\icei\resources\views\admin\inscripcionesTalleres\registrar-pago-inscripcion.blade.php", "PHP", 0, 99, 0, 0, 0, 0, 0, 0, 0, 2, 101
"c:\laragon\www\icei\resources\views\admin\inscripciones\cambio-carrera.blade.php", "PHP", 0, 12, 0, 0, 0, 0, 0, 0, 0, 1, 13
"c:\laragon\www\icei\resources\views\admin\inscripciones\create.blade.php", "PHP", 0, 82, 0, 0, 0, 0, 0, 0, 0, 7, 89
"c:\laragon\www\icei\resources\views\admin\inscripciones\edit.blade.php", "PHP", 0, 389, 0, 0, 0, 0, 0, 0, 26, 17, 432
"c:\laragon\www\icei\resources\views\admin\inscripciones\editar-estudiante.blade.php", "PHP", 0, 16, 0, 0, 0, 0, 0, 0, 0, 3, 19
"c:\laragon\www\icei\resources\views\admin\inscripciones\index.blade.php", "PHP", 0, 55, 0, 0, 0, 0, 0, 0, 0, 6, 61
"c:\laragon\www\icei\resources\views\admin\inscripciones\modal-congelamiento.blade.php", "PHP", 0, 39, 0, 0, 0, 0, 0, 0, 0, 2, 41
"c:\laragon\www\icei\resources\views\admin\inscripciones\mostrar-planificacion-modulos.blade.php", "PHP", 0, 48, 0, 0, 0, 0, 0, 0, 0, 4, 52
"c:\laragon\www\icei\resources\views\admin\inscripciones\registrar-pago-2t.blade.php", "PHP", 0, 155, 0, 0, 0, 0, 0, 0, 0, 2, 157
"c:\laragon\www\icei\resources\views\admin\inscripciones\registrar-pago-certificado.blade.php", "PHP", 0, 221, 0, 0, 0, 0, 0, 0, 0, 3, 224
"c:\laragon\www\icei\resources\views\admin\inscripciones\registrar-pago-inscripcion.blade.php", "PHP", 0, 100, 0, 0, 0, 0, 0, 0, 0, 2, 102
"c:\laragon\www\icei\resources\views\admin\kardex\detalle-economico.blade.php", "PHP", 0, 166, 0, 0, 0, 0, 0, 0, 0, 5, 171
"c:\laragon\www\icei\resources\views\admin\kardex\index.blade.php", "PHP", 0, 48, 0, 0, 0, 0, 0, 0, 0, 5, 53
"c:\laragon\www\icei\resources\views\admin\modulos\create.blade.php", "PHP", 0, 71, 0, 0, 0, 0, 0, 0, 52, 3, 126
"c:\laragon\www\icei\resources\views\admin\modulos\edit.blade.php", "PHP", 0, 71, 0, 0, 0, 0, 0, 0, 52, 3, 126
"c:\laragon\www\icei\resources\views\admin\modulos\form.blade.php", "PHP", 0, 97, 0, 0, 0, 0, 0, 0, 0, 4, 101
"c:\laragon\www\icei\resources\views\admin\modulos\index.blade.php", "PHP", 0, 75, 0, 0, 0, 0, 0, 0, 0, 8, 83
"c:\laragon\www\icei\resources\views\admin\modulos\show.blade.php", "PHP", 0, 24, 0, 0, 0, 0, 0, 0, 0, 3, 27
"c:\laragon\www\icei\resources\views\admin\notas\create.blade.php", "PHP", 0, 217, 0, 0, 0, 0, 0, 0, 0, 7, 224
"c:\laragon\www\icei\resources\views\admin\notas\edit.blade.php", "PHP", 0, 217, 0, 0, 0, 0, 0, 0, 0, 7, 224
"c:\laragon\www\icei\resources\views\admin\notas\index.blade.php", "PHP", 0, 19, 0, 0, 0, 0, 0, 0, 0, 5, 24
"c:\laragon\www\icei\resources\views\admin\notas\pagos-estudiante.blade.php", "PHP", 0, 94, 0, 0, 0, 0, 0, 0, 0, 5, 99
"c:\laragon\www\icei\resources\views\admin\pagos\estudiantes-inscritos-planificacion.blade.php", "PHP", 0, 68, 0, 0, 0, 0, 0, 0, 0, 5, 73
"c:\laragon\www\icei\resources\views\admin\pagos\pagos-estudiante.blade.php", "PHP", 0, 93, 0, 0, 0, 0, 0, 0, 0, 5, 98
"c:\laragon\www\icei\resources\views\admin\planificacionCarrera\create.blade.php", "PHP", 0, 102, 0, 0, 0, 0, 0, 0, 0, 4, 106
"c:\laragon\www\icei\resources\views\admin\planificacionCarrera\edit.blade.php", "PHP", 0, 111, 0, 0, 0, 0, 0, 0, 0, 4, 115
"c:\laragon\www\icei\resources\views\admin\planificacionCarrera\index.blade.php", "PHP", 0, 61, 0, 0, 0, 0, 0, 0, 0, 6, 67
"c:\laragon\www\icei\resources\views\admin\planificacionModulo\create.blade.php", "PHP", 0, 83, 0, 0, 0, 0, 0, 0, 0, 4, 87
"c:\laragon\www\icei\resources\views\admin\planificacionModulo\edit.blade.php", "PHP", 0, 105, 0, 0, 0, 0, 0, 0, 0, 5, 110
"c:\laragon\www\icei\resources\views\admin\planificacionTaller\create.blade.php", "PHP", 0, 113, 0, 0, 0, 0, 0, 0, 0, 4, 117
"c:\laragon\www\icei\resources\views\admin\planificacionTaller\edit.blade.php", "PHP", 0, 131, 0, 0, 0, 0, 0, 0, 0, 4, 135
"c:\laragon\www\icei\resources\views\admin\planificacionTaller\index.blade.php", "PHP", 0, 71, 0, 0, 0, 0, 0, 0, 0, 6, 77
"c:\laragon\www\icei\resources\views\admin\planificacionTaller\show.blade.php", "PHP", 0, 60, 0, 0, 0, 0, 0, 0, 0, 4, 64
"c:\laragon\www\icei\resources\views\admin\roles\create.blade.php", "PHP", 0, 46, 0, 0, 0, 0, 0, 0, 0, 6, 52
"c:\laragon\www\icei\resources\views\admin\roles\edit.blade.php", "PHP", 0, 59, 0, 0, 0, 0, 0, 0, 0, 5, 64
"c:\laragon\www\icei\resources\views\admin\roles\form-role.blade.php", "PHP", 0, 41, 0, 0, 0, 0, 0, 0, 0, 3, 44
"c:\laragon\www\icei\resources\views\admin\roles\form.blade.php", "PHP", 0, 32, 0, 0, 0, 0, 0, 0, 0, 3, 35
"c:\laragon\www\icei\resources\views\admin\roles\index.blade.php", "PHP", 0, 72, 0, 0, 0, 0, 0, 0, 0, 5, 77
"c:\laragon\www\icei\resources\views\admin\serviciosVarios\create.blade.php", "PHP", 0, 68, 0, 0, 0, 0, 0, 0, 0, 5, 73
"c:\laragon\www\icei\resources\views\admin\serviciosVarios\edit.blade.php", "PHP", 0, 216, 0, 0, 0, 0, 0, 0, 0, 9, 225
"c:\laragon\www\icei\resources\views\admin\serviciosVarios\index.blade.php", "PHP", 0, 54, 0, 0, 0, 0, 0, 0, 0, 6, 60
"c:\laragon\www\icei\resources\views\admin\talleres\form.blade.php", "PHP", 0, 34, 0, 0, 0, 0, 0, 0, 0, 3, 37
"c:\laragon\www\icei\resources\views\admin\talleres\index.blade.php", "PHP", 0, 62, 0, 0, 0, 0, 0, 0, 0, 8, 70
"c:\laragon\www\icei\resources\views\admin\tipoPagos\form.blade.php", "PHP", 0, 38, 0, 0, 0, 0, 0, 0, 0, 3, 41
"c:\laragon\www\icei\resources\views\admin\tipoPagos\index.blade.php", "PHP", 0, 63, 0, 0, 0, 0, 0, 0, 0, 8, 71
"c:\laragon\www\icei\resources\views\admin\tipoPlanPagos\form.blade.php", "PHP", 0, 38, 0, 0, 0, 0, 0, 0, 0, 3, 41
"c:\laragon\www\icei\resources\views\admin\tipoPlanPagos\index.blade.php", "PHP", 0, 63, 0, 0, 0, 0, 0, 0, 0, 10, 73
"c:\laragon\www\icei\resources\views\admin\tipoRazon\form.blade.php", "PHP", 0, 38, 0, 0, 0, 0, 0, 0, 0, 3, 41
"c:\laragon\www\icei\resources\views\admin\tipoRazon\index.blade.php", "PHP", 0, 64, 0, 0, 0, 0, 0, 0, 0, 10, 74
"c:\laragon\www\icei\resources\views\admin\usuarios\form-role.blade.php", "PHP", 0, 41, 0, 0, 0, 0, 0, 0, 0, 3, 44
"c:\laragon\www\icei\resources\views\admin\usuarios\form.blade.php", "PHP", 0, 32, 0, 0, 0, 0, 0, 0, 0, 3, 35
"c:\laragon\www\icei\resources\views\admin\usuarios\index.blade.php", "PHP", 0, 48, 0, 0, 0, 0, 0, 0, 0, 6, 54
"c:\laragon\www\icei\resources\views\api\api-token-manager.blade.php", "PHP", 0, 144, 0, 0, 0, 0, 0, 0, 0, 26, 170
"c:\laragon\www\icei\resources\views\api\index.blade.php", "PHP", 0, 12, 0, 0, 0, 0, 0, 0, 0, 2, 14
"c:\laragon\www\icei\resources\views\auth\confirm-password.blade.php", "PHP", 0, 23, 0, 0, 0, 0, 0, 0, 0, 6, 29
"c:\laragon\www\icei\resources\views\auth\forgot-password.blade.php", "PHP", 0, 28, 0, 0, 0, 0, 0, 0, 0, 7, 35
"c:\laragon\www\icei\resources\views\auth\login.blade.php", "PHP", 0, 46, 0, 0, 0, 0, 0, 0, 0, 5, 51
"c:\laragon\www\icei\resources\views\auth\register.blade.php", "PHP", 0, 50, 0, 0, 0, 0, 0, 0, 0, 11, 61
"c:\laragon\www\icei\resources\views\auth\reset-password.blade.php", "PHP", 0, 29, 0, 0, 0, 0, 0, 0, 0, 8, 37
"c:\laragon\www\icei\resources\views\auth\two-factor-challenge.blade.php", "PHP", 0, 48, 0, 0, 0, 0, 0, 0, 0, 10, 58
"c:\laragon\www\icei\resources\views\auth\verify-email.blade.php", "PHP", 0, 31, 0, 0, 0, 0, 0, 0, 0, 7, 38
"c:\laragon\www\icei\resources\views\components\add-icon.blade.php", "PHP", 0, 3, 0, 0, 0, 0, 0, 0, 0, 1, 4
"c:\laragon\www\icei\resources\views\components\back-button.blade.php", "PHP", 0, 3, 0, 0, 0, 0, 0, 0, 0, 1, 4
"c:\laragon\www\icei\resources\views\components\delete-icon.blade.php", "PHP", 0, 3, 0, 0, 0, 0, 0, 0, 0, 1, 4
"c:\laragon\www\icei\resources\views\components\delete-modal.blade.php", "PHP", 0, 22, 0, 0, 0, 0, 0, 0, 0, 4, 26
"c:\laragon\www\icei\resources\views\components\edit-icon.blade.php", "PHP", 0, 3, 0, 0, 0, 0, 0, 0, 0, 1, 4
"c:\laragon\www\icei\resources\views\components\eye-icon.blade.php", "PHP", 0, 4, 0, 0, 0, 0, 0, 0, 0, 1, 5
"c:\laragon\www\icei\resources\views\components\form-user.blade.php", "PHP", 0, 53, 0, 0, 0, 0, 0, 0, 0, 4, 57
"c:\laragon\www\icei\resources\views\components\hero.blade.php", "PHP", 0, 14, 0, 0, 0, 0, 0, 0, 0, 3, 17
"c:\laragon\www\icei\resources\views\components\kardex-economico-estudiante.blade.php", "PHP", 0, 2, 0, 0, 0, 0, 0, 0, 0, 1, 3
"c:\laragon\www\icei\resources\views\components\print-icon.blade.php", "PHP", 0, 4, 0, 0, 0, 0, 0, 0, 0, 1, 5
"c:\laragon\www\icei\resources\views\components\required-label.blade.php", "PHP", 0, 4, 0, 0, 0, 0, 0, 0, 0, 1, 5
"c:\laragon\www\icei\resources\views\components\search-icon.blade.php", "PHP", 0, 3, 0, 0, 0, 0, 0, 0, 0, 1, 4
"c:\laragon\www\icei\resources\views\components\search.blade.php", "PHP", 0, 1, 0, 0, 0, 0, 0, 0, 0, 1, 2
"c:\laragon\www\icei\resources\views\components\show-icon.blade.php", "PHP", 0, 3, 0, 0, 0, 0, 0, 0, 0, 1, 4
"c:\laragon\www\icei\resources\views\components\user-icon.blade.php", "PHP", 0, 4, 0, 0, 0, 0, 0, 0, 0, 1, 5
"c:\laragon\www\icei\resources\views\dashboard.blade.php", "PHP", 0, 326, 0, 0, 0, 0, 0, 0, 0, 25, 351
"c:\laragon\www\icei\resources\views\inicio\cursos.blade.php", "PHP", 0, 40, 0, 0, 0, 0, 0, 0, 0, 3, 43
"c:\laragon\www\icei\resources\views\inicio\detalle-curso.blade.php", "PHP", 0, 87, 0, 0, 0, 0, 0, 0, 0, 5, 92
"c:\laragon\www\icei\resources\views\inicio\index.blade.php", "PHP", 0, 113, 0, 0, 0, 0, 0, 0, 0, 3, 116
"c:\laragon\www\icei\resources\views\layouts\app.blade.php", "PHP", 0, 25, 0, 0, 0, 0, 0, 0, 20, 4, 49
"c:\laragon\www\icei\resources\views\layouts\guest.blade.php", "PHP", 0, 47, 0, 0, 0, 0, 0, 0, 0, 5, 52
"c:\laragon\www\icei\resources\views\layouts\layout.blade.php", "PHP", 0, 22, 0, 0, 0, 0, 0, 0, 42, 2, 66
"c:\laragon\www\icei\resources\views\livewire\anteriores-estudiantes-component.blade.php", "PHP", 0, 71, 0, 0, 0, 0, 0, 0, 0, 1, 72
"c:\laragon\www\icei\resources\views\livewire\aulas-component.blade.php", "PHP", 0, 66, 0, 0, 0, 0, 0, 0, 0, 3, 69
"c:\laragon\www\icei\resources\views\livewire\buscador-estudiante-component.blade.php", "PHP", 0, 81, 0, 0, 0, 0, 0, 0, 0, 2, 83
"c:\laragon\www\icei\resources\views\livewire\carrera-component.blade.php", "PHP", 0, 75, 0, 0, 0, 0, 0, 0, 0, 3, 78
"c:\laragon\www\icei\resources\views\livewire\carrito-pago-general-component.blade.php", "PHP", 0, 103, 0, 0, 0, 0, 0, 0, 0, 1, 104
"c:\laragon\www\icei\resources\views\livewire\carrito-pagos-component.blade.php", "PHP", 0, 100, 0, 0, 0, 0, 0, 0, 0, 1, 101
"c:\laragon\www\icei\resources\views\livewire\categoria-component.blade.php", "PHP", 0, 54, 0, 0, 0, 0, 0, 0, 0, 5, 59
"c:\laragon\www\icei\resources\views\livewire\categoria-servicio-component.blade.php", "PHP", 0, 54, 0, 0, 0, 0, 0, 0, 0, 5, 59
"c:\laragon\www\icei\resources\views\livewire\certificados-entregados-component.blade.php", "PHP", 0, 78, 0, 0, 0, 0, 0, 0, 0, 1, 79
"c:\laragon\www\icei\resources\views\livewire\certificados-por-carrera-entregados-component.blade.php", "PHP", 0, 78, 0, 0, 0, 0, 0, 0, 0, 1, 79
"c:\laragon\www\icei\resources\views\livewire\certificados-taller-entregados-component.blade.php", "PHP", 0, 78, 0, 0, 0, 0, 0, 0, 0, 1, 79
"c:\laragon\www\icei\resources\views\livewire\configuracion-component.blade.php", "PHP", 0, 44, 0, 0, 0, 0, 0, 0, 0, 1, 45
"c:\laragon\www\icei\resources\views\livewire\docente-component.blade.php", "PHP", 0, 82, 0, 0, 0, 0, 0, 0, 0, 3, 85
"c:\laragon\www\icei\resources\views\livewire\estudiante-component.blade.php", "PHP", 0, 111, 0, 0, 0, 0, 0, 0, 0, 5, 116
"c:\laragon\www\icei\resources\views\livewire\filtro-docente-planificacion-component.blade.php", "PHP", 0, 133, 0, 0, 0, 0, 0, 0, 0, 2, 135
"c:\laragon\www\icei\resources\views\livewire\filtro-planificacion-component.blade.php", "PHP", 0, 100, 0, 0, 0, 0, 0, 0, 0, 1, 101
"c:\laragon\www\icei\resources\views\livewire\filtro-planificacion-modulo-component.blade.php", "PHP", 0, 141, 0, 0, 0, 0, 0, 0, 0, 2, 143
"c:\laragon\www\icei\resources\views\livewire\filtro-planificacion-talleres-component.blade.php", "PHP", 0, 90, 0, 0, 0, 0, 0, 0, 0, 1, 91
"c:\laragon\www\icei\resources\views\livewire\grafico-pagos.blade.php", "PHP", 0, 3, 0, 0, 0, 0, 0, 0, 0, 1, 4
"c:\laragon\www\icei\resources\views\livewire\horario-component.blade.php", "PHP", 0, 68, 0, 0, 0, 0, 0, 0, 0, 4, 72
"c:\laragon\www\icei\resources\views\livewire\inscripcion-component.blade.php", "PHP", 0, 190, 0, 0, 0, 0, 0, 0, 0, 4, 194
"c:\laragon\www\icei\resources\views\livewire\inscripcion-talleres-component.blade.php", "PHP", 0, 97, 0, 0, 0, 0, 0, 0, 0, 3, 100
"c:\laragon\www\icei\resources\views\livewire\kardex-estudiante-component.blade.php", "PHP", 0, 61, 0, 0, 0, 0, 0, 0, 0, 1, 62
"c:\laragon\www\icei\resources\views\livewire\modulo-component.blade.php", "PHP", 0, 92, 0, 0, 0, 0, 0, 0, 0, 4, 96
"c:\laragon\www\icei\resources\views\livewire\planificacion-carrera-component.blade.php", "PHP", 0, 113, 0, 0, 0, 0, 0, 0, 0, 3, 116
"c:\laragon\www\icei\resources\views\livewire\planificacion-taller-component.blade.php", "PHP", 0, 97, 0, 0, 0, 0, 0, 0, 0, 2, 99
"c:\laragon\www\icei\resources\views\livewire\select-servicios-component.blade.php", "PHP", 0, 21, 0, 0, 0, 0, 0, 0, 0, 1, 22
"c:\laragon\www\icei\resources\views\livewire\servicios-varios-component.blade.php", "PHP", 0, 100, 0, 0, 0, 0, 0, 0, 0, 3, 103
"c:\laragon\www\icei\resources\views\livewire\talleres-component.blade.php", "PHP", 0, 53, 0, 0, 0, 0, 0, 0, 0, 5, 58
"c:\laragon\www\icei\resources\views\livewire\tipo-pago-component.blade.php", "PHP", 0, 54, 0, 0, 0, 0, 0, 0, 0, 5, 59
"c:\laragon\www\icei\resources\views\livewire\tipo-plan-pago-component.blade.php", "PHP", 0, 54, 0, 0, 0, 0, 0, 0, 0, 5, 59
"c:\laragon\www\icei\resources\views\livewire\tipo-razon-component.blade.php", "PHP", 0, 54, 0, 0, 0, 0, 0, 0, 0, 5, 59
"c:\laragon\www\icei\resources\views\livewire\usuario-component.blade.php", "PHP", 0, 56, 0, 0, 0, 0, 0, 0, 0, 6, 62
"c:\laragon\www\icei\resources\views\navigation-menu.blade.php", "PHP", 0, 126, 0, 0, 0, 0, 0, 0, 0, 14, 140
"c:\laragon\www\icei\resources\views\policy.blade.php", "PHP", 0, 12, 0, 0, 0, 0, 0, 0, 0, 2, 14
"c:\laragon\www\icei\resources\views\profile\delete-user-form.blade.php", "PHP", 0, 43, 0, 0, 0, 0, 0, 0, 0, 10, 53
"c:\laragon\www\icei\resources\views\profile\logout-other-browser-sessions-form.blade.php", "PHP", 0, 83, 0, 0, 0, 0, 0, 0, 0, 15, 98
"c:\laragon\www\icei\resources\views\profile\show.blade.php", "PHP", 0, 20, 0, 0, 0, 0, 0, 0, 0, 4, 24
"c:\laragon\www\icei\resources\views\profile\two-factor-authentication-form.blade.php", "PHP", 0, 74, 0, 0, 0, 0, 0, 0, 0, 10, 84
"c:\laragon\www\icei\resources\views\profile\update-password-form.blade.php", "PHP", 0, 33, 0, 0, 0, 0, 0, 0, 0, 7, 40
"c:\laragon\www\icei\resources\views\profile\update-profile-information-form.blade.php", "PHP", 0, 67, 0, 0, 0, 0, 0, 0, 0, 13, 80
"c:\laragon\www\icei\resources\views\terms.blade.php", "PHP", 0, 12, 0, 0, 0, 0, 0, 0, 0, 2, 14
"c:\laragon\www\icei\resources\views\vendor\adminlte\auth\auth-page.blade.php", "PHP", 0, 48, 0, 0, 0, 0, 0, 0, 0, 14, 62
"c:\laragon\www\icei\resources\views\vendor\adminlte\auth\login.blade.php", "PHP", 0, 85, 0, 0, 0, 0, 0, 0, 0, 12, 97
"c:\laragon\www\icei\resources\views\vendor\adminlte\auth\passwords\confirm.blade.php", "PHP", 0, 71, 0, 0, 0, 0, 0, 0, 0, 17, 88
"c:\laragon\www\icei\resources\views\vendor\adminlte\auth\passwords\email.blade.php", "PHP", 0, 38, 0, 0, 0, 0, 0, 0, 0, 11, 49
"c:\laragon\www\icei\resources\views\vendor\adminlte\auth\passwords\reset.blade.php", "PHP", 0, 67, 0, 0, 0, 0, 0, 0, 0, 11, 78
"c:\laragon\www\icei\resources\views\vendor\adminlte\auth\register.blade.php", "PHP", 0, 90, 0, 0, 0, 0, 0, 0, 0, 12, 102
"c:\laragon\www\icei\resources\views\vendor\adminlte\auth\verify.blade.php", "PHP", 0, 17, 0, 0, 0, 0, 0, 0, 0, 7, 24
"c:\laragon\www\icei\resources\views\vendor\adminlte\master.blade.php", "PHP", 0, 88, 0, 0, 0, 0, 0, 0, 0, 21, 109
"c:\laragon\www\icei\resources\views\vendor\adminlte\page.blade.php", "PHP", 0, 54, 0, 0, 0, 0, 0, 0, 0, 17, 71
"c:\laragon\www\icei\resources\views\vendor\adminlte\partials\common\brand-logo-xl.blade.php", "PHP", 0, 22, 0, 0, 0, 0, 0, 0, 0, 7, 29
"c:\laragon\www\icei\resources\views\vendor\adminlte\partials\common\brand-logo-xs.blade.php", "PHP", 0, 23, 0, 0, 0, 0, 0, 0, 0, 7, 30
"c:\laragon\www\icei\resources\views\vendor\adminlte\partials\footer\footer.blade.php", "PHP", 0, 3, 0, 0, 0, 0, 0, 0, 0, 0, 3
"c:\laragon\www\icei\resources\views\vendor\adminlte\partials\navbar\dropdown-item-link.blade.php", "PHP", 0, 20, 0, 0, 0, 0, 0, 0, 0, 6, 26
"c:\laragon\www\icei\resources\views\vendor\adminlte\partials\navbar\dropdown-item-submenu.blade.php", "PHP", 0, 24, 0, 0, 0, 0, 0, 0, 0, 8, 32
"c:\laragon\www\icei\resources\views\vendor\adminlte\partials\navbar\dropdown-item.blade.php", "PHP", 0, 8, 0, 0, 0, 0, 0, 0, 0, 6, 14
"c:\laragon\www\icei\resources\views\vendor\adminlte\partials\navbar\menu-item-dropdown-menu.blade.php", "PHP", 0, 24, 0, 0, 0, 0, 0, 0, 0, 8, 32
"c:\laragon\www\icei\resources\views\vendor\adminlte\partials\navbar\menu-item-dropdown-user-menu.blade.php", "PHP", 0, 82, 0, 0, 0, 0, 0, 0, 0, 12, 94
"c:\laragon\www\icei\resources\views\vendor\adminlte\partials\navbar\menu-item-left-sidebar-toggler.blade.php", "PHP", 0, 15, 0, 0, 0, 0, 0, 0, 0, 0, 15
"c:\laragon\www\icei\resources\views\vendor\adminlte\partials\navbar\menu-item-link.blade.php", "PHP", 0, 20, 0, 0, 0, 0, 0, 0, 0, 6, 26
"c:\laragon\www\icei\resources\views\vendor\adminlte\partials\navbar\menu-item-logout-link.blade.php", "PHP", 0, 18, 0, 0, 0, 0, 0, 0, 0, 2, 20
"c:\laragon\www\icei\resources\views\vendor\adminlte\partials\navbar\menu-item-right-sidebar-toggler.blade.php", "PHP", 0, 14, 0, 0, 0, 0, 0, 0, 0, 0, 14
"c:\laragon\www\icei\resources\views\vendor\adminlte\partials\navbar\menu-item-search-form.blade.php", "PHP", 0, 12, 0, 0, 0, 0, 0, 0, 0, 2, 14
"c:\laragon\www\icei\resources\views\vendor\adminlte\partials\navbar\menu-item.blade.php", "PHP", 0, 11, 0, 0, 0, 0, 0, 0, 0, 8, 19
"c:\laragon\www\icei\resources\views\vendor\adminlte\partials\navbar\navbar-layout-topnav.blade.php", "PHP", 0, 46, 0, 0, 0, 0, 0, 0, 0, 12, 58
"c:\laragon\www\icei\resources\views\vendor\adminlte\partials\navbar\navbar.blade.php", "PHP", 0, 32, 0, 0, 0, 0, 0, 0, 0, 9, 41
"c:\laragon\www\icei\resources\views\vendor\adminlte\partials\sidebar\left-sidebar.blade.php", "PHP", 0, 24, 0, 0, 0, 0, 0, 0, 0, 4, 28
"c:\laragon\www\icei\resources\views\vendor\adminlte\partials\sidebar\menu-item-header.blade.php", "PHP", 0, 3, 0, 0, 0, 0, 0, 0, 0, 2, 5
"c:\laragon\www\icei\resources\views\vendor\adminlte\partials\sidebar\menu-item-link.blade.php", "PHP", 0, 17, 0, 0, 0, 0, 0, 0, 0, 6, 23
"c:\laragon\www\icei\resources\views\vendor\adminlte\partials\sidebar\menu-item-search-form.blade.php", "PHP", 0, 15, 0, 0, 0, 0, 0, 0, 0, 4, 19
"c:\laragon\www\icei\resources\views\vendor\adminlte\partials\sidebar\menu-item-treeview-menu.blade.php", "PHP", 0, 22, 0, 0, 0, 0, 0, 0, 0, 7, 29
"c:\laragon\www\icei\resources\views\vendor\adminlte\partials\sidebar\menu-item.blade.php", "PHP", 0, 14, 0, 0, 0, 0, 0, 0, 0, 10, 24
"c:\laragon\www\icei\resources\views\vendor\adminlte\partials\sidebar\right-sidebar.blade.php", "PHP", 0, 3, 0, 0, 0, 0, 0, 0, 0, 1, 4
"c:\laragon\www\icei\resources\views\vendor\adminlte\plugins.blade.php", "PHP", 0, 18, 0, 0, 0, 0, 0, 0, 0, 4, 22
"c:\laragon\www\icei\resources\views\vendor\jetstream\components\action-message.blade.php", "PHP", 0, 8, 0, 0, 0, 0, 0, 0, 0, 2, 10
"c:\laragon\www\icei\resources\views\vendor\jetstream\components\action-section.blade.php", "PHP", 0, 11, 0, 0, 0, 0, 0, 0, 0, 2, 13
"c:\laragon\www\icei\resources\views\vendor\jetstream\components\application-logo.blade.php", "PHP", 0, 5, 0, 0, 0, 0, 0, 0, 0, 1, 6
"c:\laragon\www\icei\resources\views\vendor\jetstream\components\application-mark.blade.php", "PHP", 0, 4, 0, 0, 0, 0, 0, 0, 0, 1, 5
"c:\laragon\www\icei\resources\views\vendor\jetstream\components\authentication-card-logo.blade.php", "PHP", 0, 6, 0, 0, 0, 0, 0, 0, 0, 1, 7
"c:\laragon\www\icei\resources\views\vendor\jetstream\components\authentication-card.blade.php", "PHP", 0, 8, 0, 0, 0, 0, 0, 0, 0, 2, 10
"c:\laragon\www\icei\resources\views\vendor\jetstream\components\banner.blade.php", "PHP", 0, 37, 0, 0, 0, 0, 0, 0, 0, 4, 41
"c:\laragon\www\icei\resources\views\vendor\jetstream\components\button.blade.php", "PHP", 0, 3, 0, 0, 0, 0, 0, 0, 0, 1, 4
"c:\laragon\www\icei\resources\views\vendor\jetstream\components\checkbox.blade.php", "PHP", 0, 1, 0, 0, 0, 0, 0, 0, 0, 1, 2
"c:\laragon\www\icei\resources\views\vendor\jetstream\components\confirmation-modal.blade.php", "PHP", 0, 23, 0, 0, 0, 0, 0, 0, 0, 5, 28
"c:\laragon\www\icei\resources\views\vendor\jetstream\components\confirms-password.blade.php", "PHP", 0, 38, 0, 0, 0, 0, 0, 0, 0, 9, 47
"c:\laragon\www\icei\resources\views\vendor\jetstream\components\danger-button.blade.php", "PHP", 0, 3, 0, 0, 0, 0, 0, 0, 0, 1, 4
"c:\laragon\www\icei\resources\views\vendor\jetstream\components\dialog-modal.blade.php", "PHP", 0, 14, 0, 0, 0, 0, 0, 0, 0, 4, 18
"c:\laragon\www\icei\resources\views\vendor\jetstream\components\dropdown-link.blade.php", "PHP", 0, 1, 0, 0, 0, 0, 0, 0, 0, 1, 2
"c:\laragon\www\icei\resources\views\vendor\jetstream\components\dropdown.blade.php", "PHP", 0, 39, 0, 0, 0, 0, 0, 0, 0, 5, 44
"c:\laragon\www\icei\resources\views\vendor\jetstream\components\form-section.blade.php", "PHP", 0, 23, 0, 0, 0, 0, 0, 0, 0, 4, 27
"c:\laragon\www\icei\resources\views\vendor\jetstream\components\input-error.blade.php", "PHP", 0, 4, 0, 0, 0, 0, 0, 0, 0, 2, 6
"c:\laragon\www\icei\resources\views\vendor\jetstream\components\input.blade.php", "PHP", 0, 2, 0, 0, 0, 0, 0, 0, 0, 2, 4
"c:\laragon\www\icei\resources\views\vendor\jetstream\components\label.blade.php", "PHP", 0, 4, 0, 0, 0, 0, 0, 0, 0, 2, 6
"c:\laragon\www\icei\resources\views\vendor\jetstream\components\link-button-back.blade.php", "PHP", 0, 3, 0, 0, 0, 0, 0, 0, 0, 1, 4
"c:\laragon\www\icei\resources\views\vendor\jetstream\components\modal.blade.php", "PHP", 0, 63, 0, 0, 0, 0, 0, 0, 2, 6, 71
"c:\laragon\www\icei\resources\views\vendor\jetstream\components\nav-link.blade.php", "PHP", 0, 9, 0, 0, 0, 0, 0, 0, 0, 3, 12
"c:\laragon\www\icei\resources\views\vendor\jetstream\components\responsive-nav-link.blade.php", "PHP", 0, 9, 0, 0, 0, 0, 0, 0, 0, 3, 12
"c:\laragon\www\icei\resources\views\vendor\jetstream\components\secondary-button.blade.php", "PHP", 0, 3, 0, 0, 0, 0, 0, 0, 0, 1, 4
"c:\laragon\www\icei\resources\views\vendor\jetstream\components\section-border.blade.php", "PHP", 0, 5, 0, 0, 0, 0, 0, 0, 0, 1, 6
"c:\laragon\www\icei\resources\views\vendor\jetstream\components\section-title.blade.php", "PHP", 0, 8, 0, 0, 0, 0, 0, 0, 0, 2, 10
"c:\laragon\www\icei\resources\views\vendor\jetstream\components\switchable-team.blade.php", "PHP", 0, 15, 0, 0, 0, 0, 0, 0, 0, 5, 20
"c:\laragon\www\icei\resources\views\vendor\jetstream\components\validation-errors.blade.php", "PHP", 0, 10, 0, 0, 0, 0, 0, 0, 0, 2, 12
"c:\laragon\www\icei\resources\views\vendor\jetstream\components\welcome.blade.php", "PHP", 0, 76, 0, 0, 0, 0, 0, 0, 0, 15, 91
"c:\laragon\www\icei\resources\views\vendor\jetstream\mail\team-invitation.blade.php", "PHP", 0, 12, 0, 0, 0, 0, 0, 0, 0, 6, 18
"c:\laragon\www\icei\resources\views\welcome.blade.php", "PHP", 0, 113, 0, 0, 0, 0, 0, 0, 0, 20, 133
"c:\laragon\www\icei\routes\admin.php", "PHP", 0, 191, 0, 0, 0, 0, 0, 0, 10, 47, 248
"c:\laragon\www\icei\routes\api.php", "PHP", 0, 11, 0, 0, 0, 0, 0, 0, 10, 9, 30
"c:\laragon\www\icei\routes\channels.php", "PHP", 0, 5, 0, 0, 0, 0, 0, 0, 10, 4, 19
"c:\laragon\www\icei\routes\console.php", "PHP", 0, 6, 0, 0, 0, 0, 0, 0, 10, 4, 20
"c:\laragon\www\icei\routes\web.php", "PHP", 0, 18, 0, 0, 0, 0, 0, 0, 10, 10, 38
"c:\laragon\www\icei\server.php", "PHP", 0, 8, 0, 0, 0, 0, 0, 0, 9, 5, 22
"c:\laragon\www\icei\tailwind.config.js", "JavaScript", 0, 0, 22, 0, 0, 0, 0, 0, 0, 5, 27
"c:\laragon\www\icei\tests\CreatesApplication.php", "PHP", 0, 12, 0, 0, 0, 0, 0, 0, 5, 6, 23
"c:\laragon\www\icei\tests\Feature\ApiTokenPermissionsTest.php", "PHP", 0, 37, 0, 0, 0, 0, 0, 0, 0, 9, 46
"c:\laragon\www\icei\tests\Feature\AuthenticationTest.php", "PHP", 0, 34, 0, 0, 0, 0, 0, 0, 0, 12, 46
"c:\laragon\www\icei\tests\Feature\BrowserSessionsTest.php", "PHP", 0, 18, 0, 0, 0, 0, 0, 0, 0, 6, 24
"c:\laragon\www\icei\tests\Feature\CreateApiTokenTest.php", "PHP", 0, 32, 0, 0, 0, 0, 0, 0, 0, 8, 40
"c:\laragon\www\icei\tests\Feature\DeleteAccountTest.php", "PHP", 0, 35, 0, 0, 0, 0, 0, 0, 0, 12, 47
"c:\laragon\www\icei\tests\Feature\DeleteApiTokenTest.php", "PHP", 0, 29, 0, 0, 0, 0, 0, 0, 0, 9, 38
"c:\laragon\www\icei\tests\Feature\EmailVerificationTest.php", "PHP", 0, 60, 0, 0, 0, 0, 0, 0, 0, 20, 80
"c:\laragon\www\icei\tests\Feature\ExampleTest.php", "PHP", 0, 12, 0, 0, 0, 0, 0, 0, 5, 5, 22
"c:\laragon\www\icei\tests\Feature\PasswordConfirmationTest.php", "PHP", 0, 35, 0, 0, 0, 0, 0, 0, 0, 13, 48
"c:\laragon\www\icei\tests\Feature\PasswordResetTest.php", "PHP", 0, 56, 0, 0, 0, 0, 0, 0, 0, 22, 78
"c:\laragon\www\icei\tests\Feature\ProfileInformationTest.php", "PHP", 0, 27, 0, 0, 0, 0, 0, 0, 0, 10, 37
"c:\laragon\www\icei\tests\Feature\RegistrationTest.php", "PHP", 0, 27, 0, 0, 0, 0, 0, 0, 0, 8, 35
"c:\laragon\www\icei\tests\Feature\TwoFactorAuthenticationSettingsTest.php", "PHP", 0, 43, 0, 0, 0, 0, 0, 0, 0, 21, 64
"c:\laragon\www\icei\tests\Feature\UpdatePasswordTest.php", "PHP", 0, 50, 0, 0, 0, 0, 0, 0, 0, 13, 63
"c:\laragon\www\icei\tests\TestCase.php", "PHP", 0, 7, 0, 0, 0, 0, 0, 0, 0, 4, 11
"c:\laragon\www\icei\tests\Unit\ExampleTest.php", "PHP", 0, 10, 0, 0, 0, 0, 0, 0, 5, 4, 19
"c:\laragon\www\icei\vendor\facade\ignition\resources\compiled\ignition.js", "JavaScript", 0, 0, 5, 0, 0, 0, 0, 0, 27, 0, 32
"c:\laragon\www\icei\vendor\facade\ignition\resources\compiled\index.html", "HTML", 12, 0, 0, 0, 0, 0, 0, 0, 0, 1, 13
"c:\laragon\www\icei\webpack.mix.js", "JavaScript", 0, 0, 10, 0, 0, 0, 0, 0, 10, 4, 24
"Total", "-", 12, 23351, 46573, 184862, 46, 69572, 9561, 13, 26442, 65233, 425665